place,latitude,longitude
 Calangute Beach ,15.54248845,73.75556172684907
 Fort Aguada ,15.4923866,73.77359756874338
 Cruise in Goa ,15.49975855,73.83602072968799
 Water Sports in Goa ,15.2758815,73.91715
 Dudhsagar Falls ,15.3135273,74.3142439
 Anjuna Beach ,15.576183149999999,73.74010197317997
 Chapora Fort ,15.6059695,73.73626198598717
 Thalassa  ,15.4908325,73.815893
 Basilica of Bom Jesus ,15.50067815,73.9110524735566
 Baga Beach ,15.5573721,73.75098000806346
 Butterfly Beach ,15.01946635,74.0016343284091
 Divar Island ,15.5250877,73.9078238104479
 Scuba Diving in Goa ,,
 Shopping in Goa ,15.5016165,73.9097244
 Dona Paula ,15.4505271,73.8030641
 Arambol Beach ,15.67806525,73.70541085186719
 Vagator Beach ,15.597442950000001,73.73364186082766
 Fontainhas and Sao Tome ,,
 Church of Our Lady of the Immaculate Conception ,,
 Tito's Nightclub ,,
 Brittos ,15.5566283,73.754675
 Mambos ,11.6677356,92.7356792
 Club LPK - Love Passion Karma ,,
 Anjuna Flea Market ,15.5722646,73.7435442
 Palolem Beach ,15.0093077,74.02422899735367
 Bungee Jumping in Goa ,,
 Spa and Massages ,,
 Colva Beach ,15.2756507,73.9137265
 Morjim Beach ,15.6226214,73.73025102768045
 Casino ,13.0289717,77.5712245
 Agonda Beach ,15.0415524,73.98716228503216
 Candolim Beach ,15.51807475,73.76292381199656
 Se Cathedral ,15.50378315,73.912274142588
 Cavelossim Beach ,15.1712405,73.9418221152188
 Patnem Beach ,14.99710825,74.03382930569006
 Betalbatim Beach ,15.2931923,73.9077452
 Fort Tiracol ,15.7214139,73.6864016
 Grande Island ,,
 Bhagwan Mahavir Wildlife Sanctuary ,,
 Arvalem Waterfalls ,,
 Mollem National Park ,15.337680899999999,74.28493879992715
 Sunburn Festival ,,
 Carnival in Goa ,15.486556,73.80947
 Church of St,13.0891909,80.28731857864055
 Bambolim Beach ,15.44984775,73.85186038280455
 Butterfly Conservatory Of Goa ,,
 Sri Mahadeva Temple ,9.5038063,76.83960408166666
 Church of St Francis of Assisi ,15.649186149999998,73.8306645766588
 Cabo de Rama Beach ,15.1043943,73.92523353053434
 Church Of St Augustine ,,
 Savoi Spice Plantation ,15.4932054,74.0006761
 Ashwem Beach ,15.6418137,73.7191171
 Rafting in Rishikesh ,,
 Lakshman Jhula ,30.1265839,78.3293323
 Triveni Ghat ,30.103607,78.30485847232984
" Ganga Aarti, Rishikesh ",,
 Neelkantha Mahadeva Temple ,,
 The Beatles Ashram ,,
 Flying Fox ,,
 Bungee Jumping in Rishikesh ,,
 Tera Manzil Temple ,,
 Kaudiyala ,17.76396,76.9729563
 Kuari Pass ,30.4560433,79.5835983
 Neer Garh Waterfall ,,
 Geeta Bhawan ,30.37737985,78.44012548658472
" Bharat Mandir, Rishikesh ",30.106443,78.302067
 Muni ki Reti ,30.1198278,78.3062924
 Jadh Ganga Trek ,,
 Swarg Ashram ,28.710448,77.20367822404975
 Jumpin Heights ,30.0640866,78.4020059
 Rishikund ,,
 Ram Jhula ,30.1230092,78.3147114
 Piran Kaliyar Sharif ,,
 Byasi ,30.0284331,79.0945388
 Omkarananda Ashram ,30.12689545,78.32886984628591
 Sivananda Ashram ,30.12463015,78.31174955214753
 Kunjapuri Devi Temple ,,
" Raghunath Temple, Rishikesh ",,
 Swami Dayananda Ashram ,,
 Parmarth Niketan Ashram ,,
 Yoga Centres ,,
 Spa & Wellness ,,
 Cooking Classes ,26.8894205,75.7465483
 Vashista Gufa ,,
 Andhra Ashram ,11.9395203,79.8294034
 Anand Prakash Ashram ,,
 Madhuban Ashram ,,
 Himalayan Yog Ashram ,,
 Nirmal Ashram ,31.3961909,74.92813529940531
 Osho Ganga Ashram ,,
 Phool Chatti Ashram ,,
 Sadhaka Grama Ashram ,,
 Virbhadra Temple ,,
 Vanprastha Ashram ,,
 Garudchatti Waterfall  ,,
 Patna Waterfalls ,,
 Himshail Waterfalls ,,
 Phool Chatti Waterfalls ,,
 Kayaking in Rishikesh ,,
" International Yoga Festival, Parmarth Niketan Ashram ",,
 Houseboats in Alleppey ,,
 Alleppey Backwaters ,,
 Kuttanad ,9.4507458,76.43081811505664
 Alappuzha Beach ,9.463493549999999,76.32439114571872
 Alappuzha Lighthouse ,9.4939017,76.3210141
 Ambalappuzha Sree Krishna Temple ,9.38320555,76.36921427930879
 Marari Beach ,9.603180349999999,76.29799372732823
 Kayaking in Alleppey ,,
 Krishnapuram Palace ,9.150298750000001,76.50877437531287
 Vembanad Lake ,9.594922,76.394211337629
 Chettikulangara Devi Temple ,9.22759265,76.51725689907556
 Revi Karunakaran Museum ,,
 Mullakkal Temple ,9.4969708,76.34308382986845
" St George Forane Church, Edathua ",,
 Thottappally Beach ,9.3161184,76.37982346515273
 Punnapra Beach ,9.4337361,76.3433067
 Pallippuram ,9.7605593,76.3626011
 Nehru Trophy Boat Race ,9.5007263,76.3533479
 Spa & Massage in Alleppey ,,
 Coir Weaving in Alleppey ,,
 Punnamada Lake ,9.501296400000001,76.35470314863991
 Mannarasala Sree Nagaraja Temple ,9.29032295,76.44583463673541
 Karumadikkuttan ,,
 Vijay Beach Park ,9.497034450000001,76.31718717832428
 Thumpoly Beach ,,
 Pandavan Para ,,
 International Coir Museum ,9.5630698,76.3283727
 Haripad Sree Subrahmanya Swamy Temple ,,
 Arthunkal Beach ,9.652652499999999,76.29310156203012
 Thaikal Beach ,9.70813455,76.28769264256017
 Kayamkulam Kayal ,,
 Tata Tea Museum (KDHP Museum) ,,
" Echo Point, Munnar ",10.1207524,77.1517388
 Munnar Tea Plantations ,10.0564953,77.1151731
 Tree Houses in Munnar ,,
 Atukkad Waterfalls ,,
 Munnar Jeep Safari ,,
 Trekking in Munnar ,10.0886629,77.0586646
 Kolukkumalai Tea Estate ,10.078813100000001,77.05922109735545
 Rose Garden Munnar ,,
 Chokramudi Peak ,10.0354742,77.1057685
 Mattupetty Dam ,10.106302549999999,77.1239053525016
 Top Station ,10.1229157,77.2449857
 Photo Point ,15.282213,73.9784549
 Kalari Kshethra ,9.7836247,76.5178204
 Tea Shopping ,19.0616333,72.8361189
 Kundala Dam & Lake ,,
 Mattupetty Indo-Swiss Farm ,,
 Wonder Valley Adventure and Amusement Park ,,
 Lock Heart Gap ,,
 Chinnar Wildlife Sanctuary ,,
 Spa & Massages in Munnar ,,
 Sevenmallay Tea Estate ,,
 Mountain Biking in Munnar ,,
 Marayoor ,10.2757418,77.162036
 Lakkom Water Falls ,,
 Blossom Park ,,
 Chinnakanal Waterfalls ,,
 Chithirapuram ,10.02917765,77.04645317787228
 Lockhart Tea Museum ,,
 Nyayamakad Waterfalls ,,
 Pallivasal Tea Garden ,,
 Kuthumkal Waterfalls ,,
 Elephant Arrival Spot ,,
 High Range Club ,10.0722585,77.06533267690773
 Floriculture Centre ,10.08569365,77.07602018017711
 Valara Falls ,,
 CSI Christ Church ,9.969907599999999,76.30436963229286
 Elephant Lake ,27.32981105,88.84655942619618
 Anayirankal Dam ,10.0094462,77.2073808
 Punarjani Traditional Village ,,
 The Ridge ,31.1047906,77.1752833
" Mall Road, Shimla ",31.10449,77.1615431
" Christ Church, Shimla ",31.104309399999998,77.17601556420328
 Visceral Lodge ,,
 Himalayan Bird Park ,31.102903,77.1475157
 Kali Bari Temple ,31.1061127,77.1667746
 Johnnie's Wax Museum ,,
 Himachal State Museum ,31.1031447,77.1508283
 Kalka Shimla Toy Train ,,
 Annandale  ,,
 Kiala Forest ,,
 Scandal Point ,31.1052217,77.1725528
 Summer Hills ,,
 Indian Institute of Advanced Studies ,,
 Narkanda ,31.2547508,77.4612694
 Naldehra ,,
 Cafe Simla Times ,,
 Rothney Castle ,31.1046139,77.1794329
 Theog ,31.12144885,77.36497514311
 Shimla Reserve Forest Sanctuary ,,
 Lakkar Bazar ,30.9118316,75.8579454
 Jakhoo Ropeway ,,
 Gaiety Theatre Heritage Cultural Complex ,,
 Gorton Castle ,31.10492,77.1627159
 Bantony Castle ,31.1061523,77.1695597
 Horse Riding in Shimla ,,
 Solan ,30.92589585,77.08200509063624
 Mashobra ,31.1132833,77.5133514
 Shoghi ,31.0390358,77.1247482
 Ice Skating in Shimla ,,
 Wake & Bake ,,
 Cafe Hide Out ,31.1047098,77.1730959
 Wild Flower Hall Hotel ,,
 Retreat Building ,12.92092615,77.68341790884604
 Shimla Heritage Walk ,,
 Bharara Fair ,,
 Bhoj Fair ,,
 Chanshal Pass ,,
 Lavi Fair ,,
 Panchpula ,21.9134539,74.9488579
 Khajjiar ,32.5485701,76.0597217
 Satdhara Falls ,,
 Ganji Pahari Trek ,,
 Dainkund Peak ,,
 Paragliding at Khajjiar ,,
 Subhash Baoli ,,
 Sach Pass ,33.0060031,76.2399224
 River Crossing and River Rafting ,,
" Rock Garden, Dalhousie ",,
 Indo Tibetan Market ,,
 Trekking in Dalhousie ,,
 Dainkund to Jot Trek ,,
 Mall Road (Gandhi Chowk) ,,
 Cafe Dalhousie ,32.5057539,75.9711492
 St Patricks Church ,13.008126050000001,80.19535630349512
 Bakrota Hills ,,
 Rock Climbing in Dalhousie ,,
 Garam Sadak ,,
 Laxmi Narayan Temple Dalhousie ,,
 Pohlani Devi Temple ,,
 Cellular Jail ,11.67444565,92.74778558292749
 Elephant Beach ,12.0113061,92.949336
 Neil Island ,11.83137395,93.0419302433501
 Radhanagar Beach ,11.9826676,92.95707831459254
 Baratang Island ,12.188318200000001,92.81103513756125
 Night Kayaking in Andaman ,,
 Scuba Diving In Andaman ,11.8204196,93.0382537
 Mount Harriet National Park ,,
 North Bay Island ,,
 Bharatpur Beach ,11.8379008,93.02964449635024
 Water Sports in Andamans ,,
 Ross Island ,11.6754345,92.7626196470404
 Laxmanpur Beach 1 ,,
 Laxmanpur Beach 2 ,,
 Corbyn's Cove Beach ,,
 Chidiya Tapu ,11.50322185,92.70129539704993
 Mahatma Gandhi Marine National Park ,11.4953407,92.57705504125077
 Kalapathar Beach ,11.976167199999999,93.01887533281035
 Seakart in Andaman ,11.6439505,92.7470895
 Snorkeling in Andaman ,11.9790048,92.9572695
" Howrah Bridge, Andaman ",11.8320076,93.0139619
 Glass Bottom Dolphin Boat ,,
 Shopping in Andaman ,,
" Long Island, Andaman ",12.3968182,92.93429762270804
 Jolly Buoy Island ,,
 Rajiv Gandhi Water Sports Complex ,11.67210135,92.74771043329729
 Amkunj Beach ,,
 Little Andaman ,10.7056905,92.48746789633373
 Mangrove Creeks in Andaman ,,
 Guitar Island Beach ,,
 Barren Island ,12.28034655,93.86358702732056
 Anthropological Museum Port Blair ,11.66438,92.7402326
 Sitapur Beach ,11.818967449999999,93.06282703058659
 Viper Island ,11.6618855,92.69707113312637
 Narcondam Island ,13.4443379,94.2619091
 Wandoor Beach ,11.5983895,92.60967586668421
 Sea Walking in Andaman ,,
 Boat Trips Andaman ,,
 Mangrove Kayaking ,,
 Vijaynagar Beach ,,
 Trekking in Andaman ,,
 Samudrika Naval Marine Museum ,,
 Chatham Saw Mill ,,
 Cinque Island ,,
 Sandbar Beach ,,
 Rutland Island ,11.43156055,92.65179201695375
 Parrot Island ,,
 Diglipur ,13.22771435,92.93949249778723
 Saddle Peak National Park ,13.1623433,93.01693148483
 Lalaji Bay Beach ,,
 Stewart Island Beach ,,
 Limestone Caves Andaman ,,
 Minicoy Island ,8.295235,73.06483943014706
 Agatti Islands ,10.8476321,72.18884683727894
 Bangaram Island ,10.94041185,72.287158968447
 Scuba Diving in Lakshadweep ,,
 Kavaratti Islands ,10.55905,72.63656879807692
 Kalpeni Island ,10.0816222,73.64700018964697
 Water Sports in Lakshadweep Islands ,,
 Marine Museum ,,
 Kadmat Island ,11.219255,72.77511857843137
 Amindivi Islands ,11.16166785,72.04450037714275
 Andretti Island ,,
" Lighthouse, Minicoy Island ",,
 Yacht Cruise ,,
 Parasailing in Lakshadweep ,,
 Elephanta Caves ,18.9635361,72.9313775
" Marine Drive, Mumbai ",18.9477975,72.8206759
 Juhu Beach ,19.122146450000002,72.81876151188848
 Colaba Causeway ,18.9169893,72.8272211
 Gateway of India ,18.9225901,72.83433537485362
 Film City Mumbai ,19.161697,72.88678
 Enjoy Street Food ,,
 Hanging Gardens ,13.10383925,80.28861375685798
 Prince of Wales Museum ,18.926823,72.8326017
 Mumbai Zoo ,18.979102,72.834093
 Essel World ,19.2253824,72.8080979
 National Museum of Indian Cinema ,18.9708283,72.807875
 Sanjay Gandhi National Park ,19.2316305,72.86428673847298
 Siddhivinayak Temple ,18.444366950000003,74.72637102911924
" National Gallery of Modern Art, Mumbai ",18.9258903,72.8312016
 Haji Ali Dargah ,18.9828229,72.8089926
" Fashion Street, Mumbai ",,
 Bandra Worli Sea Link ,19.0136539,72.8134202
 Chhatrapati Shivaji Terminus  ,18.9398641,72.8354116
 Kamala Nehru Park ,18.51719595,73.83484578271262
 KidZania Mumbai ,,
 ISKCON Temple Mumbai ,19.1129965,72.8264623
 Gorakhgad Trek ,19.1919806,73.5402583
 Kanheri Caves ,19.2058871,72.9067302
 Girgaum Chowpatty ,18.954354350000003,72.81232247040975
 Water Sports in Mandwa Beach ,,
 Global Vipassana Pagoda ,,
 Mahakali Caves ,19.1306093,72.87381645183467
 Lokhandwala Market ,19.1439977,72.82573052343596
" Hill Road and Linking Road, Bandra ",,
 Makarandgad Trek ,,
" Mahalaxmi temple, Mumbai ",,
 Jehangir Art Gallery ,18.927135300000003,72.83160487077883
 Naneghat ,19.2926638,73.6760867
 Haji Malang Dargah and Trek ,,
 Mahuli Trek ,,
 Jivdhan Trek ,,
" Jama Masjid, Mumbai ",19.051715700000003,72.83858500149947
 Mahipatagad Trek ,,
 Mount Mary Church ,19.046851750000002,72.82250235572701
 Gorai Beach ,19.256963,72.7830598
 Madh Island ,,
 Marve Beach ,19.203882,72.78582855652141
 Versova Beach ,19.1300123,72.81332507580646
 Dadar Chowpatty Beach ,,
 Aksa Beach ,19.1853321,72.79634888359624
 Kalamb Beach ,19.4021637,72.7761948
 Worli Sea Face ,19.005448,72.8137566
 Uran ,18.85535115,73.02478066625523
 Bandstand ,19.0504556,72.8218606
 Carter Road ,19.0619923,72.8222193
 Taj Mahal ,27.1750123,78.04209683661315
 Fatehpur Sikri ,27.0911655,77.6623984
 Agra Fort ,27.1798258,78.02082227320588
 Itimad-ud-daulah's Tomb ,27.192868249999997,78.03099451773602
 Mehtab Bagh ,27.1791872,78.04208545569259
 Shopping in Agra ,,
 Akbar's Tomb ,27.2204341,77.9504492
 Chini ka Rauza ,27.2008612,78.03438455
 Jhangir Mahal ,,
 Dolphin Water Park ,27.2383737,77.86744433098958
 Anguri Bagh ,27.17843165,78.02306778096775
 Taj Museum ,27.1731379,78.0406323
 Kalakriti Dance Drama Show ,,
 Taj Mahotsav ,,
 Wildlife SOS ,27.2998755,77.7937949
 Mother Teresa's Missionaries Of Charity ,,
 Friends Gokulam Fun City Water Park ,,
 Ram Barat ,22.60802605,88.45642952575955
 Edakkal Caves ,11.6266794,76.2354803
 Stay in a Treehouse ,,
 Vythiri ,11.5560885,76.038922
 Sulthan Bathery ,11.72639615,76.32799237426437
 Pookode Lake ,11.542333750000001,76.02730642785315
 Kanthanpara Waterfall ,,
 Chain Tree ,,
 Thirunelli Temple ,11.9072235,75.9911202
 Lakkidi View Point ,,
 Banasura Hill ,,
 Neelimala Viewpoint ,11.5334912,76.2278983
 Chethalayam Waterfalls ,,
 Palchuram Waterfalls ,,
 Poopoli Wayanad Flower Show ,,
 Meenmutty ,9.901979350000001,76.76398089336739
 Valliyoorkavu Bhagavathy Temple ,,
 Kalpetta ,11.6136614,76.0851692
 Thrissilery Shiva Temple ,11.8515576,76.01652040062254
 Seetha Devi Temple ,11.7928049,76.16877522797267
 E3 Theme Park ,11.7666666,75.89831671401345
 Ramoji Film City ,17.252415300000003,78.67995706162694
 Golconda Fort ,17.3833665,78.4010990950247
 Charminar ,17.361602400000002,78.47464213773966
 Thrill City ,23.079187400000002,72.49696910823157
 Wonderla ,12.8382537,77.4026801
 Statue of Equality ,19.02230875,72.83317549185975
 GravityZip ,,
 Chowmahalla Palace ,17.35758165,78.47170545810262
 Shilparamam ,17.38284695,78.55580782214446
 Taramati Baradari ,17.3761241,78.3781632
 Jala Vihar ,,
 Nehru Zoological Park ,17.35144185,78.44555984216913
 B,15.008943250000002,74.04859791620883
 KBR National Park ,17.4202917,78.42046362794693
 Snow World Hyderabad ,17.4143801,78.4808321
 Hyd Selfie Museum ,,
 Salar Jung Museum ,17.371392,78.48014981700423
 Qutub Shahi Tombs ,17.39560535,78.39692303808157
 Irani Cafes ,17.4359573,78.5187439
 Lumbini Park ,17.409892,78.47291996753384
 Laad Bazaar ,,
 Inorbit Mall ,19.172965400000002,72.83507693542902
 IKEA Hyderabad ,17.43875905,78.37512357460284
 Hyderabadi Pearl Shopping ,,
 Sarath City Mall ,17.4578165,78.3639655
 Durgam Cheruvu Bride ,,
 Hyderabad Botanical Garden ,17.4556985,78.362218
 Taj Falaknuma Palace ,17.33092825,78.46726226807871
 Mount Opera Theme Park Resort ,,
 Necklace Road ,17.4233355,78.4631857
 Food in Hyderabad ,17.3596267,78.4740709
 Himayat Sagar Lake ,,
 NTR Gardens ,17.412728350000002,78.46881239946303
 Ratnalyam Temple ,,
 Shilparamam Uppal ,17.38284695,78.55580782214446
 Chilkur Balaji Temple ,17.35881165,78.29884550354765
 Iskcon Hyderabad ,17.442076,78.5055212
 Tank Bund ,18.1668644,78.9028611
 Forum Sujana Mall ,17.484167300000003,78.38889795931695
 Sanjeevaiah Park ,17.432142849999998,78.47593069156379
 Mecca Masjid ,17.36065995,78.47360632281826
 Sudha Cars Museum ,,
 Purani Haveli ,17.3663487,78.4805382
 Durgam Cheruvu ,17.43105525,78.38973054197749
 Paigah Tombs ,17.3439886,78.50387564644501
 Sanghi Temple ,17.266751550000002,78.6758306024831
 GVK One Mall ,17.41928475,78.44847891989568
 Aero Plaza Hyderabad Airport ,,
 Buddha Statue Hyderabad ,17.415567,78.4750947577165
" Paradise Beach, Pondicherry ",11.86983405,79.81988773943826
 Auroville ,12.0054211,79.8110999
 Scuba Diving in Pondicherry ,,
 Arikamedu ,11.9023146,79.81995619957695
 Cafes in Pondicherry ,10.88978,79.8226393
 Seaside Promenade ,,
 Promenade Beach ,11.933305350000001,79.83565545848926
 Serenity Beach ,11.9705187,79.84455616968711
 Cycling in Pondicherry ,,
 Chunnambar Boat House ,,
 Basilica of the Sacred Heart of Jesus ,11.92618115,79.82707534902148
 Water Sports in Pondicherry ,,
" Botanical Garden, Pondicherry ",11.9297545,79.8236771
 Pondicherry Lighthouse ,11.9165866,79.8308243
 Jawahar Toy Museum ,,
 Raj Niwas ,,
 French War Memorial ,11.9319161,79.8353537
 Sri Manakula Vinayagar Temple ,11.9357676,79.83358705368732
 Pondicherry Museum ,12.6993175,80.2211476
 Veerampattinam Beach ,,
 Gokilambal Thirukameswar Temple ,,
 Chidambaram ,11.41018075,79.67222017841891
 Bharathi Park ,11.020616650000001,76.94773675148059
 Immaculate Conception Cathedral ,43.6616138,-70.25433529338682
 Varadaraja Perumal Temple ,11.480332350000001,77.86421284623177
 Church of Our Lady of Angels ,,
 The Statue of Dupleix ,,
 Aayi Mandapam ,,
 Meeran Mosque ,,
 Cluny Embroidery Centre ,,
 Ananda Ranga Pillai Mansion ,,
 Ganesh Garden ,18.4614369,73.82327584297526
 ISKCON Pondicherry ,,
 Ousteri Wetland and National Park ,,
 Sri Karneshwar Nataraja Temple ,,
 International Center for Yoga Education and Research (ICYER) ,,
 Mahatma Gandhi Statue ,22.09052,88.040173
" Auroville Ashram, Pondicherry ",,
 Relish a Mesmerizing Sunrise ,,
 Yanam Beach ,,
 White Town ,13.08011145,80.2855631158918
 Vedapureeswarar Temple ,,
 Karaikal Beach ,10.91698015,79.85292892529928
 Quiet Beach ,,
 Mahe Beach ,11.6990746,75.53273656251984
 Reppo Beach ,,
 India Gate ,28.6129332,77.22949282049879
 Qutub Minar ,28.524413,77.18545014156862
 Akshardham Temple Delhi ,28.61251665,77.27731839825316
 Humayun's Tomb ,28.5932856,77.2506468018002
 Hauz Khas Village ,28.55385485,77.19462569608316
 Museum of Illusions ,28.6334186,77.2180754
" National Gallery Of Modern Art, Delhi ",28.609633350000003,77.23418311925701
 Lotus Temple ,17.5868304,78.9419664
 Red Fort ,28.65608095,77.24079592327321
 Agrasen ki Baoli ,28.626067550000002,77.2250111
 Sunder Nursery ,28.596909750000002,77.24701877915552
 Garden of Five Senses ,28.5137724,77.1983444893105
 Lodhi Garden ,28.59626845,77.22155326227056
 Waste to Wonder Park ,,
 Chandni Chowk ,28.6559834,77.2321937
 Dilli Haat ,28.573246500000003,77.20739387416522
 Bharat Darshan Park ,,
 Pradhanmantri Sangrahalaya ,,
" Rail Museum, Delhi ",28.5872076,77.1855505
 Nizamuddin Dargah ,28.591367050000002,77.24198072598155
" Jantar Mantar, Delhi ",28.627201999999997,77.2163845064627
 Delhi Zoo ,28.6084393,77.2402124
 Mehrauli Archaeological Park ,,
 Kingdom of Dreams ,28.46812985,77.06912641367134
" Mughal Gardens, Delhi ",28.61448995,77.19794496247428
 Rashtrapati Bhavan ,28.614359450000002,77.19958884029813
 Jama Masjid Delhi ,28.6506822,77.23296096363757
 Sarojini Market ,28.57693855,77.19624572486842
 Connaught Place ,28.6314022,77.2193791
 Connaught Place ,28.6314022,77.2193791
 Shopping Markets ,,
 ISKCON Temple Delhi ,28.5558548,77.2488354
 Khan Market ,28.5991626,77.2262302
 Paharganj ,28.6414989,77.2140607
 Birla Mandir Delhi ,28.6327513,77.1989712
 Lajpat Nagar ,28.56958,77.2385055
 Safdarjung Tomb ,28.5892861,77.2131643
 Purana Qila ,28.6091959,77.24411112406483
 Adventure Island ,,
 Pragati Maidan ,28.61684535,77.24534605191812
 Rajghat ,28.6406036,77.2495084
" National Museum, Delhi ",28.611803000000002,77.21928644481778
 Kuchesar ,28.6844826,77.9405357
 Crafts Museum ,,
 Tughlaqabad Fort ,28.5111925,77.2623265
 Teen Murti Bhavan ,28.60259435,77.19878110123034
 Rajpath ,28.6131403,77.2247644
 Sulabh International Museum of Toilets ,,
 Nicholson Cemetery ,,
 Iron Pillar ,28.5247493,77.1849651
 Nehru Memorial Museum and Library ,,
 Chhatarpur Mandir ,24.623403,79.49923548420169
 Marina Beach ,13.053275150000001,80.28328873013857
" Government Museum, Chennai ",13.0712808,80.25704332105965
 MGR Film City ,12.9935576,80.2470596
 Breezy Beach ,,
 Marundeeswarar Temple ,12.9850797,80.2594959
 Arignar Anna Zoological Park ,,
 Valluvar Kottam ,13.05383,80.2423007
 Ashtalakshmi Temple ,12.99253,80.2704204
 Connemara Public Library ,,
 Kolli Hills ,11.322125849999999,78.39351174329565
 Elliot's Beach ,12.9986312,80.2708137
 VGP Golden Beach ,,
 ISKCON (Hare Rama Hare Krishna) Temple ,,
 Vivekananda House ,17.3361245,78.5536151
 Akkarai Beach ,,
 Dakshinachitra Museum ,,
 Santhome Cathedral Basilica ,13.033588900000002,80.27778505375386
 Madras War Cemetery ,13.01429775,80.19437507434243
 Madras Crocodile Bank Trust ,,
 MGM Dizzee World ,12.82585705,80.2452821261002
 Shirdi Sai Baba Temple ,13.03269805,80.26473410980003
 Nettukuppam ,,
 Prakasam Salai ,11.6183804,79.5125058
 Thousand Lights Mosque ,13.0550988,80.25523899362173
 Fort St,18.9382417,72.8379803
 Chennai Sangamam ,13.0349987,80.2163485
 Royapuram Fishing Harbour ,,
 Santhome Church ,13.033588900000002,80.27778505375386
 Kapaleeswarar Temple ,13.0337415,80.2698427
 Mylapore ,13.0316473,80.2700166
 Express Avenue ,12.7383765,80.0020833578512
 Vadapalani Murugan Temple ,13.0529129,80.2136155
 T Nagar ,13.03969,80.23565
 Parthasarathy Temple ,10.5967227,76.04447207153075
 Parasailing in Chennai ,,
 Scuba Diving in Chennai ,,
 Camping in Chennai ,13.0067454,80.2706531
 Paragliding In Chennai ,,
 Surfing In Chennai ,,
 Paintball In Chennai ,,
 Rock climbing In Chennai ,,
 Jungle Safari In Chennai ,,
 Boating in Chennai ,,
 Anjaneyar Temple Nanganallur ,,
 Fishing In Chennai ,13.12836755,80.29722675455531
 Sivananda Yoga Vedanta Centers & Ashram ,,
 Thiruvanmiyur Beach ,12.9843379,80.2650051
 Neelankarai Beach ,12.9429599,80.2567939
 Santhome Beach ,13.0261627,80.27913129549485
 Pebble Beach ,18.66314475,73.70891030431349
 Palavakkam Beach ,12.9628576,80.2639776
 Kasimedu Beach ,,
 Kanyakumari Beach ,8.1681354,77.4285374
 Vivekananda Rock Memorial ,8.0783202,77.5549562
 Thanumalayan Temple - Sthanumalayan Kovil ,,
 Thiruvalluvar Statue ,8.0777532,77.5539955
 Kumari Amman Temple ,,
 Padmanabhapuram Palace ,8.250661099999999,77.32710097964441
 Lord Subramanya Temple ,,
 Wax Museum ,11.4043343,76.7149351
 Vattakottai Fort ,8.125758600000001,77.56497351019098
 Courtallam Falls ,8.9296643,77.2692338
 Sanguthurai Beach ,8.100211,77.4252729
 Chitharal Jain Monuments ,,
 Gandhi Mandapam ,13.0065031,80.2374064
 Mathur Aqueduct ,8.3361488,77.29450645
 Our Lady of Ransom Church ,8.0854698,77.55241487464974
 Sothavilai Beach ,,
" Sunset Point, Kanyakumari ",8.0778131,77.5557978
 Tsunami Monument ,,
 View Tower ,8.0780036,77.5462271
 St Xavier Church ,15.862583,74.5040573
 Adikesava Perumal Temple ,,
 Mandaikadu Bhagavathi Temple ,,
 Wind Farms ,,
 Shops and Stalls ,,
 Sabarmati Riverfront ,23.019284399999997,72.57363641605264
 Dada Hari Wav ,,
" Swaminarayan Temple, Ahmedabad ",22.9955398,72.6107331
 Sabarmati Ashram ,23.06016515,72.58063821550073
 Adalaj Step Well ,,
 Kankaria Lake ,23.00614335,72.59952118019814
 Manek Chawk ,,
 Modhera Sun Temple ,23.5834213,72.1330777
 Bhadra Fort ,23.0238245,72.58120917865162
" Jama Masjid, Ahmedabad ",23.023697249999998,72.58652297086695
 Auto World Vintage Car Museum ,,
 Hutheesing Jain Temple ,23.0408264,72.58966454084344
 Law Garden Night Market ,,
 Sidi Saiyyed Mosque ,,
 Calico Textile Museum ,23.05418,72.5924764
 Sardar Vallabhbhai Patel National Memorial ,,
 Jhulta Minar ,,
 Vaishno Devi Temple in Ahmedabad ,,
 Kamla Nehru Zoo ,22.700991950000002,75.88126887450889
 Ahmedabad Alpha One Mall ,,
 Lal Darwaja in Ahmedabad ,23.0241902,72.5785562
" ISKCON Temple, Ahmedabad ",23.02836555,72.50685652777801
 Banascraft ,,
 Law Garden ,23.02639675,72.56106645020441
 Kapasi Handicraft Emporium ,,
 Lalbhai Dalpatbhai Museum ,23.0331715,72.5498983
 Tomb of Ahmed Shah and Ahmed Shah's Mosque ,,
 R3 The Mall ,32.2456641,77.1896605
 Radhe Shopping Mall ,,
 Dada Bhagwan temple ,,
 Gujarat Science City ,23.077854,72.49479798780331
 Shree Camp Hanuman Mandir ,,
 Parimal Garden ,23.020403950000002,72.55605904190236
 Lothal ,22.522677,72.2493077
 Sarkhej Roza ,22.9920346,72.50502712318463
 Nehru Bridge ,23.0268988,72.5744221
 Vastrapur Lake ,23.038404049999997,72.52889497227329
 Kite Museum ,,
 Vechaar Utensils Museum ,22.9944376,72.5357319
 Sanskar Kendra ,23.0130948,72.5694038
 Vadla ,16.410935,81.2898106
 Ahmedabad One ,23.03973765,72.53197279761433
 Victoria Garden ,23.021195849999998,72.5789612961574
 Dhanvantari Garden ,23.00362535,72.55925842931563
 AUDA Garden ,23.10067455,72.53990027740673
 Usmanpura Garden ,23.0475584,72.56857825891822
 Gotila Garden-Talav ,23.0398601,72.49423592168716
 Bansidhar Garden ,23.000192249999998,72.55455468986435
 One Tree Hill Garden ,23.0048635,72.598021
 Mysore Palace ,12.30521965,76.65538462991165
 Brindavan Gardens ,16.3131192,80.4197439
 Mysore Zoo ,12.3006384,76.6682662743162
 Somanathapura Temple ,12.2757664,76.88150686254238
 Chamundeshwari Temple ,12.5169664,76.8823005
 Shuka Vana ,,
 Jaganmohan Palace ,12.30681,76.65094
 Bonsai Garden ,18.9554577,72.805669
" Rail Museum, Mysore ",12.3167168,76.64347618863192
 Karanji Lake ,12.29786,76.67251
 GRS Fantasy Park ,12.3540981,76.63381021949658
 Edmuri Falls ,,
 Talakadu ,12.1919942,77.0293979
 Folklore Museum ,26.909509,70.9206431
 Trinesvaraswamy Temple ,,
 Nanjangud ,12.1276786,76.6811152
 Melukote Temples ,,
 Srikanteswara Temple ,8.4876559,76.9429289
 Lalitha Mahal Palace ,12.2982599,76.69251498918761
 Ashtanga Yoga Institute ,12.33236735,76.62879666456553
 Mysore Mandala Yoga Shala ,,
 Kunti Betta ,12.5082433,76.6982646
 Masinagudi ,11.5682904,76.6389659
 Chunchanakatte Falls ,,
 Balmuri Waterfalls ,,
 Lingambudhi Park ,,
 Javaregowda Park ,,
 Sanjeevini Park ,12.299586399999999,76.62503578047168
 Cheluvamba Park ,12.32176895,76.63673038390634
 Freedom Fighter's Park ,,
 Lingambudhi Lake ,,
 Krishnarajasagar Dam ,,
 Gulmarg Gondola ,34.04562,74.38463
 Kongdori Phase 1 ,,
 Apharwat Peak ,34.02044,74.3369937
 Drung Waterfall ,,
 Alpather Lake ,,
 Glass Igloo Cafe ,,
 Skiing in Gulmarg ,,
 Tangmarg ,34.0169889,74.39336275163726
 Khilanmarg ,,
 Maharani Temple ,17.7081627,83.3087666
 Seven Springs ,,
 Strawberry Valley ,,
 Gulmarg Ski Shop ,,
 Ningle Nallah ,,
 St Mary's Church ,17.4421437,78.5022568
 Gulmarg Golf Course ,34.0538661,74.39127430058369
 Baba Reshi Shrine ,,
 Miasa Cafe ,,
 Gulmarg Biosphere Reserve ,,
 Kanchenjunga Museum ,,
" Children's Park, Gulmarg ",,
 Shopping in Gulmarg ,,
 Ferozpur Nallah ,,
 Gulmarg Snow Festival ,,
 Sledge Ride in Gulmarg ,,
 Snowmobile Ride ,,
 Outer Circle Walk Gulmarg ,,
 Talacauvery ,12.9670097,77.68077933096873
 Namdroling Monastery ,12.43048645,75.96674784025477
 Trekking in Madikeri ,,
 Chingara Falls ,,
 Chelavara Falls ,12.2059799,75.6734692
 Cauvery Nisargadhama ,,
 Galibeedu Trek ,,
 Dubare Elephant Training Camp ,,
 Louisa point ,18.9871881,73.255681
 Charlotte lake ,18.980327449999997,73.26238964274194
 Monkey Point Matheran ,19.0042453,73.2727396
 Shivaji's Ladder ,,
 Panorama Point ,19.0186668,73.2795576
 One tree hill point ,18.9633979,73.2630423
 Echo Point Matheran ,18.9862195,73.2611377
 Neral Matheran Toy Train ,,
 Ambarnath Temple ,19.1604301,73.3135241
 Porcupine point ,19.0020113,73.2622868
 Alexander Point ,18.9766016,73.272316
 Hart Point ,,
 Little Chowk Point ,,
 Honeymoon Point ,24.5987144,72.6981499
 Shopping in Matheran ,,
 Rambagh Point ,,
 Prabal Fort ,,
 Belvedere Point ,18.9688871,73.2621286
 King George Point ,,
 Lord Point ,18.9803634,73.2603029
 Khandala Point ,18.983727,73.270993
 Mount Barry ,,
 Malang Point ,18.9909133,73.2566197
 Paymaster Park ,18.9912352,73.267264095368
 Irshalgad Fort ,18.93382785,73.23184724284705
 Pisharnath Mahadev Mandir ,,
 Vikatgad Peb Fort ,,
 Dhodani Waterfalls ,,
 Rock Climbing in Matheran ,,
 Grishneshwar Temple ,,
 Bibi ka Maqbara ,19.901447599999997,75.32023314712913
 The Ajanta caves ,,
 Ellora caves ,20.026752549999998,75.17751524179019
 Daulatabad Fort ,19.9429444,75.2131534
 Aurangabad Caves ,19.9172207,75.3119946
 Siddharth Garden ,19.05803375,72.9125036092342
 Gul Mandi ,,
 Bani Begum Garden ,,
 Panchakki ,29.2395933,79.5262223
 Kailasa Temple ,20.023752899999998,75.1793402929017
 Salim Ali Lake ,19.8990447,75.34114151854551
 Bhadra Maruti ,20.0098134,75.1956726
 Himroo Factory ,,
 Jama Masjid Aurangabad ,,
 Dargah of Pir Ismail ,,
 Killa Arak ,,
 Jayakwadi Dam ,19.472484950000002,75.36392124308259
 Tomb of Aurangzeb ,,
 Aurangabad Jain Temple ,24.6833702,87.95596078540456
 Chhatrapati Shivaji Museum ,17.6874373,73.9943857
 Dargah Baba Shah Musafir ,,
 Pitalkhora Caves ,,
 Goga Baba Hill ,,
 Mhaismal ,19.0701168,73.2387005
 Hazur Sahib Nanded ,19.1601795,77.3098821
 Soneri Mahal ,19.906645599999997,75.30931947202592
 Prozone Mall ,11.05539475,76.99373229891556
 Himayat Bagh ,19.9030529,75.3408494
 Naukhanda Palace ,,
 H2O Water Park ,,
 Ellora Ajanta Festival ,,
 Gautala Wildlife Sanctuary ,,
 Agumbe ,13.5084827,75.0962575
 Honnemaradu ,14.1845408,74.8872383
 Keladi ,14.2214761,75.0165753
 Tyavarekoppa Tiger and Lion Safari ,,
 Tyavarekoppa Tiger and Lion Safari ,,
 Sakrebailu Elephant Camp ,13.8408503,75.5147423
 Kundadri ,13.5580148,75.1689994
 Gudavi Bird Sanctuary ,,
 Mandagadde Bird Sanctuary ,13.7404951,75.46043388648444
 Gajanur Dam ,,
 Barkana Falls ,,
 Onake Abbi Falls ,,
 Shivappa Nayaka Palace Museum ,13.9279498,75.5832899
 Hosahalli ,13.9232732,75.7402053
 Mattur ,11.0818479,79.7697115
 Nagara Fort ,13.82087595,75.03459381033647
 Kunchikal Falls ,13.6952414,75.0275534
 Tunga Anicut Dam ,,
 Kanoor Fort ,,
 Linganamakki Dam ,14.175897800000001,74.84646237671234
 Unchalli Falls ,14.4100457,74.7481615
 Shivaganga Falls ,,
 Jogigundi Falls ,,
 Sigandur Chowdeshwari Temple ,,
 Koodli ,13.4868433,74.7671
 Pongal in Shimoga ,,
" Shiva Temple, Shimoga ",13.748696,75.3758581
 Shopping in Shimoga ,,
 Hidlumane Falls  ,13.8770705,74.8897981
 Achakanya Falls ,,
 Kavaledurga ,13.7177176,75.1269652
 Monkey Point ,19.0319395,73.0661856
 Gilbert Trail ,,
 Sunset Point Kasauli ,30.8917716,76.971174
 Christ (Anglican) Church ,,
 Toy Train Ride ,,
 Timber Trail ,30.8356286,76.9824661
 Gurudwara Shri Guru Nanakji ,,
 Kasauli Brewery ,,
 Baptist Church ,28.6528915,77.192125
 Sri Baba Balak Nath Temple ,,
 Gurka Fort ,,
